"skills_name","demand_count","avg_salary"
"sql","398","97237"
"excel","256","87288"
"python","236","101397"
"tableau","230","99288"
"r","148","100499"
"sas","126","98902"
"power bi","110","97431"
"powerpoint","58","88701"
"looker","49","103795"
"word","48","82576"
"snowflake","37","112948"
"oracle","37","104534"
"sql server","35","97786"
"azure","34","111225"
"aws","32","108317"
"sheets","32","86088"
"flow","28","97200"
"go","27","115320"
"spss","24","92170"
"vba","24","88783"
"hadoop","22","113193"
"jira","20","104918"
"javascript","20","97587"
"sharepoint","18","81634"
"java","17","106906"
